External InvoiceID,Issue Date,Due Date,Invoice Number,External DebtorID,External MatterID,Description,Total Amount,Amount Due
5098136E-09A9-E911-91DE-D89EF30CAF29,2008-10-21,0-00-00,323,DEED0837-09A9-E911-91DE-D89EF30CAF29,247,Invoice balance brought forward,82049.31,82049.31
5198136E-09A9-E911-91DE-D89EF30CAF29,2010-01-15,0-00-00,564,DEED0837-09A9-E911-91DE-D89EF30CAF29,247,Invoice balance brought forward,13171,13171
5298136E-09A9-E911-91DE-D89EF30CAF29,2010-01-15,0-00-00,660,DEED0837-09A9-E911-91DE-D89EF30CAF29,247,Invoice balance brought forward,469.8,469.8
5398136E-09A9-E911-91DE-D89EF30CAF29,2010-05-31,0-00-00,1372,DEED0837-09A9-E911-91DE-D89EF30CAF29,247,Invoice balance brought forward,7125.94,7125.94
5498136E-09A9-E911-91DE-D89EF30CAF29,2010-07-01,0-00-00,1421,DEED0837-09A9-E911-91DE-D89EF30CAF29,247,Invoice balance brought forward,2752.75,2752.75
5598136E-09A9-E911-91DE-D89EF30CAF29,2010-07-30,0-00-00,1448,DEED0837-09A9-E911-91DE-D89EF30CAF29,247,Invoice balance brought forward,1101.1,1101.1
5698136E-09A9-E911-91DE-D89EF30CAF29,2010-07-30,0-00-00,1452,DEED0837-09A9-E911-91DE-D89EF30CAF29,247,Invoice balance brought forward,11421.96,11421.96
5B98136E-09A9-E911-91DE-D89EF30CAF29,2011-11-10,0-00-00,1766,DEED0837-09A9-E911-91DE-D89EF30CAF29,247,Invoice balance brought forward,2675.06,2675.06
5D98136E-09A9-E911-91DE-D89EF30CAF29,2011-11-25,0-00-00,1786,DEED0837-09A9-E911-91DE-D89EF30CAF29,247,Invoice balance brought forward,8047.34,8047.34
6398136E-09A9-E911-91DE-D89EF30CAF29,2012-02-24,0-00-00,1844,DEED0837-09A9-E911-91DE-D89EF30CAF29,247,Invoice balance brought forward,17285.98,17285.98
6598136E-09A9-E911-91DE-D89EF30CAF29,2012-03-30,0-00-00,1866,DEED0837-09A9-E911-91DE-D89EF30CAF29,247,Invoice balance brought forward,16955.6,16955.6
6A98136E-09A9-E911-91DE-D89EF30CAF29,2012-05-29,0-00-00,1900,DEED0837-09A9-E911-91DE-D89EF30CAF29,247,Invoice balance brought forward,13274.01,13274.01
6E98136E-09A9-E911-91DE-D89EF30CAF29,2012-06-26,0-00-00,1947,DEED0837-09A9-E911-91DE-D89EF30CAF29,247,Invoice balance brought forward,7655.12,7655.12
7698136E-09A9-E911-91DE-D89EF30CAF29,2012-10-12,0-00-00,2064,DEED0837-09A9-E911-91DE-D89EF30CAF29,247,Invoice balance brought forward,60503.41,60503.41
5798136E-09A9-E911-91DE-D89EF30CAF29,2010-12-21,0-00-00,1595,DEED0837-09A9-E911-91DE-D89EF30CAF29,247,Invoice balance brought forward,9206.56,9206.56
5898136E-09A9-E911-91DE-D89EF30CAF29,2010-12-21,0-00-00,1596,DEED0837-09A9-E911-91DE-D89EF30CAF29,247,Invoice balance brought forward,3619,3619
5998136E-09A9-E911-91DE-D89EF30CAF29,2010-12-21,0-00-00,1597,DEED0837-09A9-E911-91DE-D89EF30CAF29,247,Invoice balance brought forward,18892.8,18892.8
5C98136E-09A9-E911-91DE-D89EF30CAF29,2011-11-14,0-00-00,1770,DEED0837-09A9-E911-91DE-D89EF30CAF29,247,Invoice balance brought forward,226.38,226.38
6198136E-09A9-E911-91DE-D89EF30CAF29,2012-02-08,0-00-00,1837,DEED0837-09A9-E911-91DE-D89EF30CAF29,247,Invoice balance brought forward,650.65,650.65
7898136E-09A9-E911-91DE-D89EF30CAF29,2012-10-31,0-00-00,2100,DEED0837-09A9-E911-91DE-D89EF30CAF29,247,Invoice balance brought forward,10454.2,10454.2
5A98136E-09A9-E911-91DE-D89EF30CAF29,2011-04-18,0-00-00,1635,DEED0837-09A9-E911-91DE-D89EF30CAF29,247,Invoice balance brought forward,1012.55,1012.55
5E98136E-09A9-E911-91DE-D89EF30CAF29,2012-01-16,0-00-00,1823,DEED0837-09A9-E911-91DE-D89EF30CAF29,247,Invoice balance brought forward,23398.25,23398.25
6498136E-09A9-E911-91DE-D89EF30CAF29,2012-02-29,0-00-00,1847,DEED0837-09A9-E911-91DE-D89EF30CAF29,247,Invoice balance brought forward,1778.98,1778.98
6698136E-09A9-E911-91DE-D89EF30CAF29,2012-03-30,0-00-00,1868,DEED0837-09A9-E911-91DE-D89EF30CAF29,247,Invoice balance brought forward,2202.2,2202.2
6B98136E-09A9-E911-91DE-D89EF30CAF29,2012-05-31,0-00-00,1912,DEED0837-09A9-E911-91DE-D89EF30CAF29,247,Invoice balance brought forward,1994.22,1994.22
5F98136E-09A9-E911-91DE-D89EF30CAF29,2012-02-06,0-00-00,1830,DEED0837-09A9-E911-91DE-D89EF30CAF29,247,Invoice balance brought forward,48844.41,48844.41
6298136E-09A9-E911-91DE-D89EF30CAF29,2012-02-20,0-00-00,1842,DEED0837-09A9-E911-91DE-D89EF30CAF29,247,Invoice balance brought forward,37313.93,37313.93
8B98136E-09A9-E911-91DE-D89EF30CAF29,2013-03-27,0-00-00,2240,DEED0837-09A9-E911-91DE-D89EF30CAF29,247,Invoice balance brought forward,1401.4,1401.4
B299136E-09A9-E911-91DE-D89EF30CAF29,2013-09-30,0-00-00,2440,DEED0837-09A9-E911-91DE-D89EF30CAF29,247,Invoice balance brought forward,5555.55,5555.55
6098136E-09A9-E911-91DE-D89EF30CAF29,2012-02-07,0-00-00,1833,DEED0837-09A9-E911-91DE-D89EF30CAF29,247,Invoice balance brought forward,600.32,600.32
6798136E-09A9-E911-91DE-D89EF30CAF29,2012-04-03,0-00-00,1874,DEED0837-09A9-E911-91DE-D89EF30CAF29,247,Invoice balance brought forward,2929.79,2929.79
6898136E-09A9-E911-91DE-D89EF30CAF29,2012-04-19,0-00-00,1881,DEED0837-09A9-E911-91DE-D89EF30CAF29,247,Invoice balance brought forward,2168,2168
6998136E-09A9-E911-91DE-D89EF30CAF29,2012-04-30,0-00-00,1889,DEED0837-09A9-E911-91DE-D89EF30CAF29,247,Invoice balance brought forward,4075.19,4075.19
6C98136E-09A9-E911-91DE-D89EF30CAF29,2012-06-07,0-00-00,1935,DEED0837-09A9-E911-91DE-D89EF30CAF29,247,Invoice balance brought forward,3927,3927
6D98136E-09A9-E911-91DE-D89EF30CAF29,2012-06-15,0-00-00,1941,DEED0837-09A9-E911-91DE-D89EF30CAF29,247,Invoice balance brought forward,792.92,792.92
6F98136E-09A9-E911-91DE-D89EF30CAF29,2012-07-27,0-00-00,1980,DEED0837-09A9-E911-91DE-D89EF30CAF29,247,Invoice balance brought forward,33103.36,33103.36
7098136E-09A9-E911-91DE-D89EF30CAF29,2012-07-27,0-00-00,1982,DEED0837-09A9-E911-91DE-D89EF30CAF29,247,Invoice balance brought forward,7788.81,7788.81
7198136E-09A9-E911-91DE-D89EF30CAF29,2012-09-03,0-00-00,2029,DEED0837-09A9-E911-91DE-D89EF30CAF29,247,Invoice balance brought forward,5033.4,5033.4
7298136E-09A9-E911-91DE-D89EF30CAF29,2012-09-11,0-00-00,2045,DEED0837-09A9-E911-91DE-D89EF30CAF29,247,Invoice balance brought forward,422.12,422.12
7398136E-09A9-E911-91DE-D89EF30CAF29,2012-09-25,0-00-00,2049,DEED0837-09A9-E911-91DE-D89EF30CAF29,247,Invoice balance brought forward,14573.9,14573.9
7498136E-09A9-E911-91DE-D89EF30CAF29,2012-09-28,0-00-00,2058,DEED0837-09A9-E911-91DE-D89EF30CAF29,247,Invoice balance brought forward,6229.13,6229.13
7598136E-09A9-E911-91DE-D89EF30CAF29,2012-09-28,0-00-00,2061,DEED0837-09A9-E911-91DE-D89EF30CAF29,247,Invoice balance brought forward,35555.85,35555.85
7798136E-09A9-E911-91DE-D89EF30CAF29,2012-10-22,0-00-00,2093,DEED0837-09A9-E911-91DE-D89EF30CAF29,247,Invoice balance brought forward,9953.35,9953.35
7998136E-09A9-E911-91DE-D89EF30CAF29,2012-10-31,0-00-00,2104,DEED0837-09A9-E911-91DE-D89EF30CAF29,247,Invoice balance brought forward,31877.2,31877.2
7B98136E-09A9-E911-91DE-D89EF30CAF29,2012-11-27,0-00-00,2118,DEED0837-09A9-E911-91DE-D89EF30CAF29,247,Invoice balance brought forward,2147.75,2147.75
8098136E-09A9-E911-91DE-D89EF30CAF29,2013-01-22,0-00-00,2163,DEED0837-09A9-E911-91DE-D89EF30CAF29,247,Invoice balance brought forward,1701.7,1701.7
8398136E-09A9-E911-91DE-D89EF30CAF29,2013-01-31,0-00-00,2185,DEED0837-09A9-E911-91DE-D89EF30CAF29,247,Invoice balance brought forward,1494.24,1494.24
8598136E-09A9-E911-91DE-D89EF30CAF29,2013-02-28,0-00-00,2212,DEED0837-09A9-E911-91DE-D89EF30CAF29,247,Invoice balance brought forward,10523.23,10523.23
8698136E-09A9-E911-91DE-D89EF30CAF29,2013-02-28,0-00-00,2213,DEED0837-09A9-E911-91DE-D89EF30CAF29,247,Invoice balance brought forward,4086.13,4086.13
8798136E-09A9-E911-91DE-D89EF30CAF29,2013-03-01,0-00-00,2216,DEED0837-09A9-E911-91DE-D89EF30CAF29,247,Invoice balance brought forward,22849.75,22849.75
8998136E-09A9-E911-91DE-D89EF30CAF29,2013-03-26,0-00-00,2233,DEED0837-09A9-E911-91DE-D89EF30CAF29,247,Invoice balance brought forward,8630.6,8630.6
8D98136E-09A9-E911-91DE-D89EF30CAF29,2013-04-19,0-00-00,2260,DEED0837-09A9-E911-91DE-D89EF30CAF29,247,Invoice balance brought forward,15835.75,15835.75
8E98136E-09A9-E911-91DE-D89EF30CAF29,2013-04-22,0-00-00,2262,DEED0837-09A9-E911-91DE-D89EF30CAF29,247,Invoice balance brought forward,6817.96,6817.96
8F98136E-09A9-E911-91DE-D89EF30CAF29,2013-04-30,0-00-00,2265,DEED0837-09A9-E911-91DE-D89EF30CAF29,247,Invoice balance brought forward,8251.43,8251.43
9098136E-09A9-E911-91DE-D89EF30CAF29,2013-04-30,0-00-00,2266,DEED0837-09A9-E911-91DE-D89EF30CAF29,247,Invoice balance brought forward,23042.61,23042.61
7A98136E-09A9-E911-91DE-D89EF30CAF29,2012-11-01,0-00-00,2105,DEED0837-09A9-E911-91DE-D89EF30CAF29,247,Invoice balance brought forward,49721.46,49721.46
7C98136E-09A9-E911-91DE-D89EF30CAF29,2012-11-30,0-00-00,2123,DEED0837-09A9-E911-91DE-D89EF30CAF29,247,Invoice balance brought forward,22460,22460
7D98136E-09A9-E911-91DE-D89EF30CAF29,2012-11-30,0-00-00,2125,DEED0837-09A9-E911-91DE-D89EF30CAF29,247,Invoice balance brought forward,22489.66,22489.66
7E98136E-09A9-E911-91DE-D89EF30CAF29,2012-12-11,0-00-00,2131,DEED0837-09A9-E911-91DE-D89EF30CAF29,247,Invoice balance brought forward,8448.28,8448.28
7F98136E-09A9-E911-91DE-D89EF30CAF29,2012-12-14,0-00-00,2135,DEED0837-09A9-E911-91DE-D89EF30CAF29,247,Invoice balance brought forward,1633.5,1633.5
8198136E-09A9-E911-91DE-D89EF30CAF29,2013-01-23,0-00-00,2166,DEED0837-09A9-E911-91DE-D89EF30CAF29,247,Invoice balance brought forward,1336.5,1336.5
8298136E-09A9-E911-91DE-D89EF30CAF29,2013-01-31,0-00-00,2183,DEED0837-09A9-E911-91DE-D89EF30CAF29,247,Invoice balance brought forward,1071.49,1071.49
8498136E-09A9-E911-91DE-D89EF30CAF29,2013-02-25,0-00-00,2208,DEED0837-09A9-E911-91DE-D89EF30CAF29,247,Invoice balance brought forward,3929.7,3929.7
8898136E-09A9-E911-91DE-D89EF30CAF29,2013-03-15,0-00-00,2227,DEED0837-09A9-E911-91DE-D89EF30CAF29,247,Invoice balance brought forward,27.59,27.59
8A98136E-09A9-E911-91DE-D89EF30CAF29,2013-03-26,0-00-00,2234,DEED0837-09A9-E911-91DE-D89EF30CAF29,247,Invoice balance brought forward,36787.83,36787.83
8C98136E-09A9-E911-91DE-D89EF30CAF29,2013-03-27,0-00-00,2242,DEED0837-09A9-E911-91DE-D89EF30CAF29,247,Invoice balance brought forward,5692.5,5692.5
9198136E-09A9-E911-91DE-D89EF30CAF29,2013-04-30,0-00-00,2267,DEED0837-09A9-E911-91DE-D89EF30CAF29,247,Invoice balance brought forward,7898,7898
9298136E-09A9-E911-91DE-D89EF30CAF29,2013-04-30,0-00-00,2268,DEED0837-09A9-E911-91DE-D89EF30CAF29,247,Invoice balance brought forward,7907.9,7907.9
9398136E-09A9-E911-91DE-D89EF30CAF29,2013-04-30,0-00-00,2269,DEED0837-09A9-E911-91DE-D89EF30CAF29,247,Invoice balance brought forward,3143.96,3143.96
9498136E-09A9-E911-91DE-D89EF30CAF29,2013-04-30,0-00-00,2270,DEED0837-09A9-E911-91DE-D89EF30CAF29,247,Invoice balance brought forward,4747.93,4747.93
9598136E-09A9-E911-91DE-D89EF30CAF29,2013-05-28,0-00-00,2307,DEED0837-09A9-E911-91DE-D89EF30CAF29,247,Invoice balance brought forward,384.66,384.66
9698136E-09A9-E911-91DE-D89EF30CAF29,2013-05-31,0-00-00,2311,DEED0837-09A9-E911-91DE-D89EF30CAF29,247,Invoice balance brought forward,3913.72,3913.72
B699136E-09A9-E911-91DE-D89EF30CAF29,2013-09-30,0-00-00,2452,DEED0837-09A9-E911-91DE-D89EF30CAF29,247,Invoice balance brought forward,5669.73,5669.73
B799136E-09A9-E911-91DE-D89EF30CAF29,2013-10-01,0-00-00,2463,DEED0837-09A9-E911-91DE-D89EF30CAF29,247,Invoice balance brought forward,39012.99,39012.99
B999136E-09A9-E911-91DE-D89EF30CAF29,2013-10-25,0-00-00,2485,DEED0837-09A9-E911-91DE-D89EF30CAF29,247,Invoice balance brought forward,850.85,850.85
9798136E-09A9-E911-91DE-D89EF30CAF29,2013-05-31,0-00-00,2312,DEED0837-09A9-E911-91DE-D89EF30CAF29,247,Invoice balance brought forward,5201.35,5201.35
9898136E-09A9-E911-91DE-D89EF30CAF29,2013-05-31,0-00-00,2314,DEED0837-09A9-E911-91DE-D89EF30CAF29,247,Invoice balance brought forward,9988.33,9988.33
9998136E-09A9-E911-91DE-D89EF30CAF29,2013-05-31,0-00-00,2322,DEED0837-09A9-E911-91DE-D89EF30CAF29,247,Invoice balance brought forward,41935.05,41935.05
9B98136E-09A9-E911-91DE-D89EF30CAF29,2013-06-19,0-00-00,2337,DEED0837-09A9-E911-91DE-D89EF30CAF29,247,Invoice balance brought forward,1700,1700
A698136E-09A9-E911-91DE-D89EF30CAF29,2013-07-18,0-00-00,2369,DEED0837-09A9-E911-91DE-D89EF30CAF29,247,Invoice balance brought forward,500.5,500.5
A798136E-09A9-E911-91DE-D89EF30CAF29,2013-07-29,0-00-00,2379,DEED0837-09A9-E911-91DE-D89EF30CAF29,247,Invoice balance brought forward,50870.76,50870.76
9A98136E-09A9-E911-91DE-D89EF30CAF29,2013-06-13,0-00-00,2332,DEED0837-09A9-E911-91DE-D89EF30CAF29,247,Invoice balance brought forward,16419.7,16419.7
9C98136E-09A9-E911-91DE-D89EF30CAF29,2013-06-21,0-00-00,2341,DEED0837-09A9-E911-91DE-D89EF30CAF29,247,Invoice balance brought forward,1884.3,1884.3
9D98136E-09A9-E911-91DE-D89EF30CAF29,2013-06-27,0-00-00,2344,DEED0837-09A9-E911-91DE-D89EF30CAF29,247,Invoice balance brought forward,148.5,148.5
9E98136E-09A9-E911-91DE-D89EF30CAF29,2013-06-27,0-00-00,2345,DEED0837-09A9-E911-91DE-D89EF30CAF29,247,Invoice balance brought forward,173.25,173.25
9F98136E-09A9-E911-91DE-D89EF30CAF29,2013-06-27,0-00-00,2347,DEED0837-09A9-E911-91DE-D89EF30CAF29,247,Invoice balance brought forward,1921.68,1921.68
A098136E-09A9-E911-91DE-D89EF30CAF29,2013-06-28,0-00-00,2351,DEED0837-09A9-E911-91DE-D89EF30CAF29,247,Invoice balance brought forward,7739.06,7739.06
A198136E-09A9-E911-91DE-D89EF30CAF29,2013-06-28,0-00-00,2352,DEED0837-09A9-E911-91DE-D89EF30CAF29,247,Invoice balance brought forward,3126.75,3126.75
A298136E-09A9-E911-91DE-D89EF30CAF29,2013-06-28,0-00-00,2353,DEED0837-09A9-E911-91DE-D89EF30CAF29,247,Invoice balance brought forward,5280.55,5280.55
A398136E-09A9-E911-91DE-D89EF30CAF29,2013-07-01,0-00-00,2356,DEED0837-09A9-E911-91DE-D89EF30CAF29,247,Invoice balance brought forward,4874.71,4874.71
A498136E-09A9-E911-91DE-D89EF30CAF29,2013-07-05,0-00-00,2360,DEED0837-09A9-E911-91DE-D89EF30CAF29,247,Invoice balance brought forward,15264.98,15264.98
A598136E-09A9-E911-91DE-D89EF30CAF29,2013-07-17,0-00-00,2367,DEED0837-09A9-E911-91DE-D89EF30CAF29,247,Invoice balance brought forward,27,27
A898136E-09A9-E911-91DE-D89EF30CAF29,2013-08-01,0-00-00,2390,DEED0837-09A9-E911-91DE-D89EF30CAF29,247,Invoice balance brought forward,1489.95,1489.95
A998136E-09A9-E911-91DE-D89EF30CAF29,2013-08-01,0-00-00,2391,DEED0837-09A9-E911-91DE-D89EF30CAF29,247,Invoice balance brought forward,6835.86,6835.86
AA98136E-09A9-E911-91DE-D89EF30CAF29,2013-08-01,0-00-00,2392,DEED0837-09A9-E911-91DE-D89EF30CAF29,247,Invoice balance brought forward,8711.45,8711.45
AE98136E-09A9-E911-91DE-D89EF30CAF29,2013-08-12,0-00-00,2406,DEED0837-09A9-E911-91DE-D89EF30CAF29,247,Invoice balance brought forward,118318.75,118318.75
B098136E-09A9-E911-91DE-D89EF30CAF29,2013-08-30,0-00-00,2423,DEED0837-09A9-E911-91DE-D89EF30CAF29,247,Invoice balance brought forward,3782.9,3782.9
B198136E-09A9-E911-91DE-D89EF30CAF29,2013-08-30,0-00-00,2424,DEED0837-09A9-E911-91DE-D89EF30CAF29,247,Invoice balance brought forward,2352.35,2352.35
B099136E-09A9-E911-91DE-D89EF30CAF29,2013-09-19,0-00-00,2436,DEED0837-09A9-E911-91DE-D89EF30CAF29,247,Invoice balance brought forward,47.65,47.65
AB98136E-09A9-E911-91DE-D89EF30CAF29,2013-08-01,0-00-00,2393,DEED0837-09A9-E911-91DE-D89EF30CAF29,247,Invoice balance brought forward,1304.25,1304.25
AC98136E-09A9-E911-91DE-D89EF30CAF29,2013-08-01,0-00-00,2394,DEED0837-09A9-E911-91DE-D89EF30CAF29,247,Invoice balance brought forward,3728.45,3728.45
AD98136E-09A9-E911-91DE-D89EF30CAF29,2013-08-01,0-00-00,2395,DEED0837-09A9-E911-91DE-D89EF30CAF29,247,Invoice balance brought forward,1941.5,1941.5
AF98136E-09A9-E911-91DE-D89EF30CAF29,2013-08-30,0-00-00,2420,DEED0837-09A9-E911-91DE-D89EF30CAF29,247,Invoice balance brought forward,14230.68,14230.68
B298136E-09A9-E911-91DE-D89EF30CAF29,2013-08-30,0-00-00,2425,DEED0837-09A9-E911-91DE-D89EF30CAF29,247,Invoice balance brought forward,2527.25,2527.25
B398136E-09A9-E911-91DE-D89EF30CAF29,2013-08-30,0-00-00,2426,DEED0837-09A9-E911-91DE-D89EF30CAF29,247,Invoice balance brought forward,4244.9,4244.9
AF99136E-09A9-E911-91DE-D89EF30CAF29,2013-08-30,0-00-00,2427,DEED0837-09A9-E911-91DE-D89EF30CAF29,247,Invoice balance brought forward,1546.05,1546.05
B199136E-09A9-E911-91DE-D89EF30CAF29,2013-09-23,0-00-00,2438,DEED0837-09A9-E911-91DE-D89EF30CAF29,247,Invoice balance brought forward,100.1,100.1
B399136E-09A9-E911-91DE-D89EF30CAF29,2013-09-30,0-00-00,2442,DEED0837-09A9-E911-91DE-D89EF30CAF29,247,Invoice balance brought forward,8063.45,8063.45
B499136E-09A9-E911-91DE-D89EF30CAF29,2013-09-30,0-00-00,2443,DEED0837-09A9-E911-91DE-D89EF30CAF29,247,Invoice balance brought forward,2330.35,2330.35
B599136E-09A9-E911-91DE-D89EF30CAF29,2013-09-30,0-00-00,2445,DEED0837-09A9-E911-91DE-D89EF30CAF29,247,Invoice balance brought forward,6632.95,6632.95
B899136E-09A9-E911-91DE-D89EF30CAF29,2013-10-15,0-00-00,2479,DEED0837-09A9-E911-91DE-D89EF30CAF29,247,Invoice balance brought forward,79.22,79.22
BA99136E-09A9-E911-91DE-D89EF30CAF29,2013-10-31,0-00-00,2491,DEED0837-09A9-E911-91DE-D89EF30CAF29,247,Invoice balance brought forward,3711.9,3711.9
BB99136E-09A9-E911-91DE-D89EF30CAF29,2013-10-31,0-00-00,2492,DEED0837-09A9-E911-91DE-D89EF30CAF29,247,Invoice balance brought forward,4021.93,4021.93
BC99136E-09A9-E911-91DE-D89EF30CAF29,2013-10-31,0-00-00,2493,DEED0837-09A9-E911-91DE-D89EF30CAF29,247,Invoice balance brought forward,1751.75,1751.75
BD99136E-09A9-E911-91DE-D89EF30CAF29,2013-10-31,0-00-00,2494,DEED0837-09A9-E911-91DE-D89EF30CAF29,247,Invoice balance brought forward,5193.65,5193.65
BF99136E-09A9-E911-91DE-D89EF30CAF29,2013-11-01,0-00-00,2504,DEED0837-09A9-E911-91DE-D89EF30CAF29,247,Invoice balance brought forward,3693.53,3693.53
C199136E-09A9-E911-91DE-D89EF30CAF29,2013-11-04,0-00-00,2508,DEED0837-09A9-E911-91DE-D89EF30CAF29,247,Invoice balance brought forward,700.7,700.7
BE99136E-09A9-E911-91DE-D89EF30CAF29,2013-10-31,0-00-00,2495,DEED0837-09A9-E911-91DE-D89EF30CAF29,247,Invoice balance brought forward,45241.9,45241.9
C099136E-09A9-E911-91DE-D89EF30CAF29,2013-11-01,0-00-00,2505,DEED0837-09A9-E911-91DE-D89EF30CAF29,247,Invoice balance brought forward,140.25,140.25
C399136E-09A9-E911-91DE-D89EF30CAF29,2013-11-21,0-00-00,2522,DEED0837-09A9-E911-91DE-D89EF30CAF29,247,Invoice balance brought forward,4846.05,4846.05
C299136E-09A9-E911-91DE-D89EF30CAF29,2013-11-20,0-00-00,2521,DEED0837-09A9-E911-91DE-D89EF30CAF29,247,Invoice balance brought forward,18.61,18.61
C899136E-09A9-E911-91DE-D89EF30CAF29,2013-11-27,0-00-00,2542,DEED0837-09A9-E911-91DE-D89EF30CAF29,247,Invoice balance brought forward,1401.4,1401.4
C999136E-09A9-E911-91DE-D89EF30CAF29,2013-11-27,0-00-00,2547,DEED0837-09A9-E911-91DE-D89EF30CAF29,247,Invoice balance brought forward,2606.29,2606.29
CB99136E-09A9-E911-91DE-D89EF30CAF29,2013-11-29,0-00-00,2627,DEED0837-09A9-E911-91DE-D89EF30CAF29,247,Invoice balance brought forward,3153.15,3153.15
C499136E-09A9-E911-91DE-D89EF30CAF29,2013-11-22,0-00-00,2525,DEED0837-09A9-E911-91DE-D89EF30CAF29,247,Invoice balance brought forward,12.5,12.5
C599136E-09A9-E911-91DE-D89EF30CAF29,2013-11-27,0-00-00,2530,DEED0837-09A9-E911-91DE-D89EF30CAF29,247,Invoice balance brought forward,7223.37,7223.37
C699136E-09A9-E911-91DE-D89EF30CAF29,2013-11-27,0-00-00,2531,DEED0837-09A9-E911-91DE-D89EF30CAF29,247,Invoice balance brought forward,1150.75,1150.75
C799136E-09A9-E911-91DE-D89EF30CAF29,2013-11-27,0-00-00,2539,DEED0837-09A9-E911-91DE-D89EF30CAF29,247,Invoice balance brought forward,163.87,163.87
CA99136E-09A9-E911-91DE-D89EF30CAF29,2013-11-27,0-00-00,2548,DEED0837-09A9-E911-91DE-D89EF30CAF29,247,Invoice balance brought forward,647.35,647.35
CC99136E-09A9-E911-91DE-D89EF30CAF29,2013-11-29,0-00-00,2628,DEED0837-09A9-E911-91DE-D89EF30CAF29,247,Invoice balance brought forward,27845.19,27845.19
CD99136E-09A9-E911-91DE-D89EF30CAF29,2013-11-29,0-00-00,2629,DEED0837-09A9-E911-91DE-D89EF30CAF29,247,Invoice balance brought forward,1413.5,1413.5
CE99136E-09A9-E911-91DE-D89EF30CAF29,2013-12-02,0-00-00,2635,DEED0837-09A9-E911-91DE-D89EF30CAF29,247,Invoice balance brought forward,1311.98,1311.98
CF99136E-09A9-E911-91DE-D89EF30CAF29,2013-12-10,0-00-00,2639,DEED0837-09A9-E911-91DE-D89EF30CAF29,247,Invoice balance brought forward,21326.64,21326.64
D099136E-09A9-E911-91DE-D89EF30CAF29,2013-12-11,0-00-00,2640,DEED0837-09A9-E911-91DE-D89EF30CAF29,247,Invoice balance brought forward,50226.3,50226.3
D199136E-09A9-E911-91DE-D89EF30CAF29,2013-12-16,0-00-00,2643,DEED0837-09A9-E911-91DE-D89EF30CAF29,247,Invoice balance brought forward,3037.1,3037.1
DA99136E-09A9-E911-91DE-D89EF30CAF29,2014-01-28,0-00-00,2676,DEED0837-09A9-E911-91DE-D89EF30CAF29,247,Invoice balance brought forward,3712.48,3712.48
D299136E-09A9-E911-91DE-D89EF30CAF29,2013-12-18,0-00-00,2645,DEED0837-09A9-E911-91DE-D89EF30CAF29,247,Invoice balance brought forward,1348.62,1348.62
D399136E-09A9-E911-91DE-D89EF30CAF29,2013-12-20,0-00-00,2646,DEED0837-09A9-E911-91DE-D89EF30CAF29,247,Invoice balance brought forward,0.34,0.34
D499136E-09A9-E911-91DE-D89EF30CAF29,2014-01-06,0-00-00,2652,DEED0837-09A9-E911-91DE-D89EF30CAF29,247,Invoice balance brought forward,24945.8,24945.8
D599136E-09A9-E911-91DE-D89EF30CAF29,2014-01-07,0-00-00,2656,DEED0837-09A9-E911-91DE-D89EF30CAF29,247,Invoice balance brought forward,2132.99,2132.99
D699136E-09A9-E911-91DE-D89EF30CAF29,2014-01-07,0-00-00,2657,DEED0837-09A9-E911-91DE-D89EF30CAF29,247,Invoice balance brought forward,617.1,617.1
D799136E-09A9-E911-91DE-D89EF30CAF29,2014-01-08,0-00-00,2661,DEED0837-09A9-E911-91DE-D89EF30CAF29,247,Invoice balance brought forward,8206.9,8206.9
D899136E-09A9-E911-91DE-D89EF30CAF29,2014-01-20,0-00-00,2670,DEED0837-09A9-E911-91DE-D89EF30CAF29,247,Invoice balance brought forward,13974.52,13974.52
D999136E-09A9-E911-91DE-D89EF30CAF29,2014-01-22,0-00-00,2673,DEED0837-09A9-E911-91DE-D89EF30CAF29,247,Invoice balance brought forward,25000,25000
DB99136E-09A9-E911-91DE-D89EF30CAF29,2014-01-28,0-00-00,2679,DEED0837-09A9-E911-91DE-D89EF30CAF29,247,Invoice balance brought forward,1345.55,1345.55
DC99136E-09A9-E911-91DE-D89EF30CAF29,2014-01-29,0-00-00,2682,DEED0837-09A9-E911-91DE-D89EF30CAF29,247,Invoice balance brought forward,5728.25,5728.25
DD99136E-09A9-E911-91DE-D89EF30CAF29,2014-01-31,0-00-00,2684,DEED0837-09A9-E911-91DE-D89EF30CAF29,247,Invoice balance brought forward,3165.8,3165.8
DE99136E-09A9-E911-91DE-D89EF30CAF29,2014-02-06,0-00-00,2698,DEED0837-09A9-E911-91DE-D89EF30CAF29,247,Invoice balance brought forward,291.5,291.5
DF99136E-09A9-E911-91DE-D89EF30CAF29,2014-02-17,0-00-00,2707,DEED0837-09A9-E911-91DE-D89EF30CAF29,247,Invoice balance brought forward,6907.45,6907.45
E099136E-09A9-E911-91DE-D89EF30CAF29,2014-02-21,0-00-00,2716,DEED0837-09A9-E911-91DE-D89EF30CAF29,247,Invoice balance brought forward,4984.1,4984.1
E199136E-09A9-E911-91DE-D89EF30CAF29,2014-02-28,0-00-00,2725,DEED0837-09A9-E911-91DE-D89EF30CAF29,247,Invoice balance brought forward,2128.52,2128.52
E299136E-09A9-E911-91DE-D89EF30CAF29,2014-02-28,0-00-00,2727,DEED0837-09A9-E911-91DE-D89EF30CAF29,247,Invoice balance brought forward,7702.91,7702.91
EC99136E-09A9-E911-91DE-D89EF30CAF29,2014-04-08,0-00-00,2778,DEED0837-09A9-E911-91DE-D89EF30CAF29,247,Invoice balance brought forward,20417.36,20417.36
E399136E-09A9-E911-91DE-D89EF30CAF29,2014-02-28,0-00-00,2731,DEED0837-09A9-E911-91DE-D89EF30CAF29,247,Invoice balance brought forward,9376.4,9376.4
E499136E-09A9-E911-91DE-D89EF30CAF29,2014-02-28,0-00-00,2736,DEED0837-09A9-E911-91DE-D89EF30CAF29,247,Invoice balance brought forward,5031.65,5031.65
E599136E-09A9-E911-91DE-D89EF30CAF29,2014-02-28,0-00-00,2737,DEED0837-09A9-E911-91DE-D89EF30CAF29,247,Invoice balance brought forward,8950.7,8950.7
E699136E-09A9-E911-91DE-D89EF30CAF29,2014-02-28,0-00-00,2738,DEED0837-09A9-E911-91DE-D89EF30CAF29,247,Invoice balance brought forward,33586.95,33586.95
E799136E-09A9-E911-91DE-D89EF30CAF29,2014-03-24,0-00-00,2749,DEED0837-09A9-E911-91DE-D89EF30CAF29,247,Invoice balance brought forward,900.41,900.41
E899136E-09A9-E911-91DE-D89EF30CAF29,2014-03-27,0-00-00,2751,DEED0837-09A9-E911-91DE-D89EF30CAF29,247,Invoice balance brought forward,37753.82,37753.82
E999136E-09A9-E911-91DE-D89EF30CAF29,2014-03-31,0-00-00,2758,DEED0837-09A9-E911-91DE-D89EF30CAF29,247,Invoice balance brought forward,28468.17,28468.17
EA99136E-09A9-E911-91DE-D89EF30CAF29,2014-04-01,0-00-00,2775,DEED0837-09A9-E911-91DE-D89EF30CAF29,247,Invoice balance brought forward,620.4,620.4
EB99136E-09A9-E911-91DE-D89EF30CAF29,2014-04-08,0-00-00,2777,DEED0837-09A9-E911-91DE-D89EF30CAF29,247,Invoice balance brought forward,1374.4,1374.4
EE99136E-09A9-E911-91DE-D89EF30CAF29,2014-04-10,0-00-00,2783,DEED0837-09A9-E911-91DE-D89EF30CAF29,247,Invoice balance brought forward,99,99
ED99136E-09A9-E911-91DE-D89EF30CAF29,2014-04-08,0-00-00,2779,DEED0837-09A9-E911-91DE-D89EF30CAF29,247,Invoice balance brought forward,5897.65,5897.65
EF99136E-09A9-E911-91DE-D89EF30CAF29,2014-04-10,0-00-00,2784,DEED0837-09A9-E911-91DE-D89EF30CAF29,247,Invoice balance brought forward,668.25,668.25
F099136E-09A9-E911-91DE-D89EF30CAF29,2014-04-10,0-00-00,2785,DEED0837-09A9-E911-91DE-D89EF30CAF29,247,Invoice balance brought forward,420.75,420.75
F299136E-09A9-E911-91DE-D89EF30CAF29,2014-04-15,0-00-00,2790,DEED0837-09A9-E911-91DE-D89EF30CAF29,247,Invoice balance brought forward,1282.75,1282.75
F199136E-09A9-E911-91DE-D89EF30CAF29,2014-04-11,0-00-00,2787,DEED0837-09A9-E911-91DE-D89EF30CAF29,247,Invoice balance brought forward,411.48,411.48
F399136E-09A9-E911-91DE-D89EF30CAF29,2014-04-30,0-00-00,2808,DEED0837-09A9-E911-91DE-D89EF30CAF29,247,Invoice balance brought forward,1447.05,1447.05
F499136E-09A9-E911-91DE-D89EF30CAF29,2014-04-30,0-00-00,2811,DEED0837-09A9-E911-91DE-D89EF30CAF29,247,Invoice balance brought forward,26328.4,26328.4
F599136E-09A9-E911-91DE-D89EF30CAF29,2014-04-30,0-00-00,2812,DEED0837-09A9-E911-91DE-D89EF30CAF29,247,Invoice balance brought forward,2945.8,2945.8
F699136E-09A9-E911-91DE-D89EF30CAF29,2014-04-30,0-00-00,2813,DEED0837-09A9-E911-91DE-D89EF30CAF29,247,Invoice balance brought forward,4177.51,4177.51
F799136E-09A9-E911-91DE-D89EF30CAF29,2014-05-07,0-00-00,2814,DEED0837-09A9-E911-91DE-D89EF30CAF29,247,Invoice balance brought forward,1293.6,1293.6
F899136E-09A9-E911-91DE-D89EF30CAF29,2014-05-30,0-00-00,2831,DEED0837-09A9-E911-91DE-D89EF30CAF29,247,Invoice balance brought forward,40109.05,40109.05
F999136E-09A9-E911-91DE-D89EF30CAF29,2014-05-30,0-00-00,2832,DEED0837-09A9-E911-91DE-D89EF30CAF29,247,Invoice balance brought forward,1003.2,1003.2
FA99136E-09A9-E911-91DE-D89EF30CAF29,2014-06-04,0-00-00,2837,DEED0837-09A9-E911-91DE-D89EF30CAF29,247,Invoice balance brought forward,1522.13,1522.13
FB99136E-09A9-E911-91DE-D89EF30CAF29,2014-06-04,0-00-00,2842,DEED0837-09A9-E911-91DE-D89EF30CAF29,247,Invoice balance brought forward,5388.3,5388.3
FC99136E-09A9-E911-91DE-D89EF30CAF29,2014-06-04,0-00-00,2844,DEED0837-09A9-E911-91DE-D89EF30CAF29,247,Invoice balance brought forward,4109.17,4109.17
FD99136E-09A9-E911-91DE-D89EF30CAF29,2014-06-04,0-00-00,2845,DEED0837-09A9-E911-91DE-D89EF30CAF29,247,Invoice balance brought forward,3189.73,3189.73
FE99136E-09A9-E911-91DE-D89EF30CAF29,2014-06-11,0-00-00,2854,DEED0837-09A9-E911-91DE-D89EF30CAF29,247,Invoice balance brought forward,321.75,321.75
FF99136E-09A9-E911-91DE-D89EF30CAF29,2014-06-17,0-00-00,2858,DEED0837-09A9-E911-91DE-D89EF30CAF29,247,Invoice balance brought forward,13504.7,13504.7
009A136E-09A9-E911-91DE-D89EF30CAF29,2014-06-20,0-00-00,2862,DEED0837-09A9-E911-91DE-D89EF30CAF29,247,Invoice balance brought forward,3580.47,3580.47
019A136E-09A9-E911-91DE-D89EF30CAF29,2014-06-26,0-00-00,2870,DEED0837-09A9-E911-91DE-D89EF30CAF29,247,Invoice balance brought forward,7.52,7.52
029A136E-09A9-E911-91DE-D89EF30CAF29,2014-06-27,0-00-00,2871,DEED0837-09A9-E911-91DE-D89EF30CAF29,247,Invoice balance brought forward,7.52,7.52
039A136E-09A9-E911-91DE-D89EF30CAF29,2014-07-01,0-00-00,2875,DEED0837-09A9-E911-91DE-D89EF30CAF29,247,Invoice balance brought forward,19836.99,19836.99
049A136E-09A9-E911-91DE-D89EF30CAF29,2014-07-01,0-00-00,2876,DEED0837-09A9-E911-91DE-D89EF30CAF29,247,Invoice balance brought forward,504.68,504.68
069A136E-09A9-E911-91DE-D89EF30CAF29,2014-07-09,0-00-00,2884,DEED0837-09A9-E911-91DE-D89EF30CAF29,247,Invoice balance brought forward,20198.55,20198.55
059A136E-09A9-E911-91DE-D89EF30CAF29,2014-07-09,0-00-00,2883,DEED0837-09A9-E911-91DE-D89EF30CAF29,247,Invoice balance brought forward,6127.62,6127.62
079A136E-09A9-E911-91DE-D89EF30CAF29,2014-07-09,0-00-00,2885,DEED0837-09A9-E911-91DE-D89EF30CAF29,247,Invoice balance brought forward,4723.14,4723.14
089A136E-09A9-E911-91DE-D89EF30CAF29,2014-07-16,0-00-00,2890,DEED0837-09A9-E911-91DE-D89EF30CAF29,247,Invoice balance brought forward,384.63,384.63
0C9A136E-09A9-E911-91DE-D89EF30CAF29,2014-07-16,0-00-00,2894,DEED0837-09A9-E911-91DE-D89EF30CAF29,247,Invoice balance brought forward,372.19,372.19
099A136E-09A9-E911-91DE-D89EF30CAF29,2014-07-16,0-00-00,2891,DEED0837-09A9-E911-91DE-D89EF30CAF29,247,Invoice balance brought forward,355.8,355.8
0A9A136E-09A9-E911-91DE-D89EF30CAF29,2014-07-16,0-00-00,2892,DEED0837-09A9-E911-91DE-D89EF30CAF29,247,Invoice balance brought forward,375.05,375.05
0B9A136E-09A9-E911-91DE-D89EF30CAF29,2014-07-16,0-00-00,2893,DEED0837-09A9-E911-91DE-D89EF30CAF29,247,Invoice balance brought forward,392.69,392.69
0D9A136E-09A9-E911-91DE-D89EF30CAF29,2014-07-16,0-00-00,2895,DEED0837-09A9-E911-91DE-D89EF30CAF29,247,Invoice balance brought forward,530.86,530.86
0F9A136E-09A9-E911-91DE-D89EF30CAF29,2014-07-31,0-00-00,2910,DEED0837-09A9-E911-91DE-D89EF30CAF29,247,Invoice balance brought forward,1904.35,1904.35
0E9A136E-09A9-E911-91DE-D89EF30CAF29,2014-07-25,0-00-00,2906,DEED0837-09A9-E911-91DE-D89EF30CAF29,247,Invoice balance brought forward,25483.57,25483.57
109A136E-09A9-E911-91DE-D89EF30CAF29,2014-08-01,0-00-00,2915,DEED0837-09A9-E911-91DE-D89EF30CAF29,247,Invoice balance brought forward,3311.76,3311.76
119A136E-09A9-E911-91DE-D89EF30CAF29,2014-08-01,0-00-00,2916,DEED0837-09A9-E911-91DE-D89EF30CAF29,247,Invoice balance brought forward,3163.7,3163.7
129A136E-09A9-E911-91DE-D89EF30CAF29,2014-08-01,0-00-00,2921,DEED0837-09A9-E911-91DE-D89EF30CAF29,247,Invoice balance brought forward,10558.13,10558.13
1C9B136E-09A9-E911-91DE-D89EF30CAF29,2014-08-01,0-00-00,2927,DEED0837-09A9-E911-91DE-D89EF30CAF29,247,Invoice balance brought forward,13865.35,13865.35
1D9B136E-09A9-E911-91DE-D89EF30CAF29,2014-08-01,0-00-00,2929,DEED0837-09A9-E911-91DE-D89EF30CAF29,247,Invoice balance brought forward,20784.37,20784.37
1E9B136E-09A9-E911-91DE-D89EF30CAF29,2014-08-01,0-00-00,2930,DEED0837-09A9-E911-91DE-D89EF30CAF29,247,Invoice balance brought forward,10920.39,10920.39
1F9B136E-09A9-E911-91DE-D89EF30CAF29,2014-08-01,0-00-00,2931,DEED0837-09A9-E911-91DE-D89EF30CAF29,247,Invoice balance brought forward,2724.15,2724.15
209B136E-09A9-E911-91DE-D89EF30CAF29,2014-08-04,0-00-00,2934,DEED0837-09A9-E911-91DE-D89EF30CAF29,247,Invoice balance brought forward,28851.63,28851.63
219B136E-09A9-E911-91DE-D89EF30CAF29,2014-08-06,0-00-00,2935,DEED0837-09A9-E911-91DE-D89EF30CAF29,247,Invoice balance brought forward,5732.46,5732.46
229B136E-09A9-E911-91DE-D89EF30CAF29,2014-08-06,0-00-00,2936,DEED0837-09A9-E911-91DE-D89EF30CAF29,247,Invoice balance brought forward,1573.33,1573.33
239B136E-09A9-E911-91DE-D89EF30CAF29,2014-08-14,0-00-00,2940,DEED0837-09A9-E911-91DE-D89EF30CAF29,247,Invoice balance brought forward,227064.44,227064.44
249B136E-09A9-E911-91DE-D89EF30CAF29,2014-08-15,0-00-00,2942,DEED0837-09A9-E911-91DE-D89EF30CAF29,247,Invoice balance brought forward,275,275
259B136E-09A9-E911-91DE-D89EF30CAF29,2014-08-19,0-00-00,2945,DEED0837-09A9-E911-91DE-D89EF30CAF29,247,Invoice balance brought forward,8864.15,8864.15
269B136E-09A9-E911-91DE-D89EF30CAF29,2014-08-20,0-00-00,2947,DEED0837-09A9-E911-91DE-D89EF30CAF29,247,Invoice balance brought forward,575.14,575.14
279B136E-09A9-E911-91DE-D89EF30CAF29,2014-09-04,0-00-00,2956,DEED0837-09A9-E911-91DE-D89EF30CAF29,247,Invoice balance brought forward,440.78,440.78
289B136E-09A9-E911-91DE-D89EF30CAF29,2014-09-09,0-00-00,2959,DEED0837-09A9-E911-91DE-D89EF30CAF29,247,Invoice balance brought forward,1315,1315
299B136E-09A9-E911-91DE-D89EF30CAF29,2014-09-09,0-00-00,2961,DEED0837-09A9-E911-91DE-D89EF30CAF29,247,Invoice balance brought forward,15.04,15.04
2A9B136E-09A9-E911-91DE-D89EF30CAF29,2014-09-11,0-00-00,2963,DEED0837-09A9-E911-91DE-D89EF30CAF29,247,Invoice balance brought forward,2162.93,2162.93
2B9B136E-09A9-E911-91DE-D89EF30CAF29,2014-09-16,0-00-00,2965,DEED0837-09A9-E911-91DE-D89EF30CAF29,247,Invoice balance brought forward,2378.87,2378.87
2C9B136E-09A9-E911-91DE-D89EF30CAF29,2014-09-17,0-00-00,2966,DEED0837-09A9-E911-91DE-D89EF30CAF29,247,Invoice balance brought forward,4422.01,4422.01
2D9B136E-09A9-E911-91DE-D89EF30CAF29,2014-09-18,0-00-00,2967,DEED0837-09A9-E911-91DE-D89EF30CAF29,247,Invoice balance brought forward,242.11,242.11
2E9B136E-09A9-E911-91DE-D89EF30CAF29,2014-09-18,0-00-00,2968,DEED0837-09A9-E911-91DE-D89EF30CAF29,247,Invoice balance brought forward,742.5,742.5
2F9B136E-09A9-E911-91DE-D89EF30CAF29,2014-09-18,0-00-00,2969,DEED0837-09A9-E911-91DE-D89EF30CAF29,247,Invoice balance brought forward,915.75,915.75
309B136E-09A9-E911-91DE-D89EF30CAF29,2014-09-18,0-00-00,2970,DEED0837-09A9-E911-91DE-D89EF30CAF29,247,Invoice balance brought forward,1782,1782
319B136E-09A9-E911-91DE-D89EF30CAF29,2014-09-18,0-00-00,2971,DEED0837-09A9-E911-91DE-D89EF30CAF29,247,Invoice balance brought forward,59.18,59.18
329B136E-09A9-E911-91DE-D89EF30CAF29,2014-09-19,0-00-00,2974,DEED0837-09A9-E911-91DE-D89EF30CAF29,247,Invoice balance brought forward,275,275
339B136E-09A9-E911-91DE-D89EF30CAF29,2014-09-23,0-00-00,2979,DEED0837-09A9-E911-91DE-D89EF30CAF29,247,Invoice balance brought forward,897.15,897.15
349B136E-09A9-E911-91DE-D89EF30CAF29,2014-09-29,0-00-00,2987,DEED0837-09A9-E911-91DE-D89EF30CAF29,247,Invoice balance brought forward,79825.9,79825.9
359B136E-09A9-E911-91DE-D89EF30CAF29,2014-09-30,0-00-00,2993,DEED0837-09A9-E911-91DE-D89EF30CAF29,247,Invoice balance brought forward,383.35,383.35
369B136E-09A9-E911-91DE-D89EF30CAF29,2014-09-30,0-00-00,2997,DEED0837-09A9-E911-91DE-D89EF30CAF29,247,Invoice balance brought forward,3351.47,3351.47
379B136E-09A9-E911-91DE-D89EF30CAF29,2014-09-30,0-00-00,2999,DEED0837-09A9-E911-91DE-D89EF30CAF29,247,Invoice balance brought forward,465.85,465.85
389B136E-09A9-E911-91DE-D89EF30CAF29,2014-09-30,0-00-00,3000,DEED0837-09A9-E911-91DE-D89EF30CAF29,247,Invoice balance brought forward,2592.7,2592.7
399B136E-09A9-E911-91DE-D89EF30CAF29,2014-09-30,0-00-00,3001,DEED0837-09A9-E911-91DE-D89EF30CAF29,247,Invoice balance brought forward,13309.45,13309.45
3B9B136E-09A9-E911-91DE-D89EF30CAF29,2014-10-15,0-00-00,3019,DEED0837-09A9-E911-91DE-D89EF30CAF29,247,Invoice balance brought forward,175.82,175.82
3A9B136E-09A9-E911-91DE-D89EF30CAF29,2014-10-07,0-00-00,3010,DEED0837-09A9-E911-91DE-D89EF30CAF29,247,Invoice balance brought forward,33050.06,33050.06
3C9B136E-09A9-E911-91DE-D89EF30CAF29,2014-10-20,0-00-00,3020,DEED0837-09A9-E911-91DE-D89EF30CAF29,247,Invoice balance brought forward,7.52,7.52
3D9B136E-09A9-E911-91DE-D89EF30CAF29,2014-10-22,0-00-00,3021,DEED0837-09A9-E911-91DE-D89EF30CAF29,247,Invoice balance brought forward,275,275
3E9B136E-09A9-E911-91DE-D89EF30CAF29,2014-10-23,0-00-00,3022,DEED0837-09A9-E911-91DE-D89EF30CAF29,247,Invoice balance brought forward,87.95,87.95
3F9B136E-09A9-E911-91DE-D89EF30CAF29,2014-10-23,0-00-00,3024,DEED0837-09A9-E911-91DE-D89EF30CAF29,247,Invoice balance brought forward,200.86,200.86
409B136E-09A9-E911-91DE-D89EF30CAF29,2014-10-30,0-00-00,3031,DEED0837-09A9-E911-91DE-D89EF30CAF29,247,Invoice balance brought forward,24.3,24.3
419B136E-09A9-E911-91DE-D89EF30CAF29,2014-11-03,0-00-00,3034,DEED0837-09A9-E911-91DE-D89EF30CAF29,247,Invoice balance brought forward,10879.91,10879.91
429B136E-09A9-E911-91DE-D89EF30CAF29,2014-11-20,0-00-00,3052,DEED0837-09A9-E911-91DE-D89EF30CAF29,247,Invoice balance brought forward,63622.41,63622.41
439B136E-09A9-E911-91DE-D89EF30CAF29,2014-11-28,0-00-00,3057,DEED0837-09A9-E911-91DE-D89EF30CAF29,247,Invoice balance brought forward,12998.84,12998.84
449B136E-09A9-E911-91DE-D89EF30CAF29,2014-12-01,0-00-00,3063,DEED0837-09A9-E911-91DE-D89EF30CAF29,247,Invoice balance brought forward,892.97,892.97
459B136E-09A9-E911-91DE-D89EF30CAF29,2014-12-01,0-00-00,3064,DEED0837-09A9-E911-91DE-D89EF30CAF29,247,Invoice balance brought forward,3278.35,3278.35
469B136E-09A9-E911-91DE-D89EF30CAF29,2014-12-01,0-00-00,3067,DEED0837-09A9-E911-91DE-D89EF30CAF29,247,Invoice balance brought forward,197.08,197.08
489B136E-09A9-E911-91DE-D89EF30CAF29,2014-12-01,0-00-00,3069,DEED0837-09A9-E911-91DE-D89EF30CAF29,247,Invoice balance brought forward,4380.75,4380.75
479B136E-09A9-E911-91DE-D89EF30CAF29,2014-12-01,0-00-00,3068,DEED0837-09A9-E911-91DE-D89EF30CAF29,247,Invoice balance brought forward,16253.52,16253.52
499B136E-09A9-E911-91DE-D89EF30CAF29,2014-12-01,0-00-00,3071,DEED0837-09A9-E911-91DE-D89EF30CAF29,247,Invoice balance brought forward,10782.85,10782.85
4A9B136E-09A9-E911-91DE-D89EF30CAF29,2014-12-04,0-00-00,3076,DEED0837-09A9-E911-91DE-D89EF30CAF29,247,Invoice balance brought forward,218.9,218.9
4B9B136E-09A9-E911-91DE-D89EF30CAF29,2014-12-04,0-00-00,3077,DEED0837-09A9-E911-91DE-D89EF30CAF29,247,Invoice balance brought forward,1795.85,1795.85
4C9B136E-09A9-E911-91DE-D89EF30CAF29,2014-12-05,0-00-00,3079,DEED0837-09A9-E911-91DE-D89EF30CAF29,247,Invoice balance brought forward,4959.66,4959.66
4D9B136E-09A9-E911-91DE-D89EF30CAF29,2014-12-05,0-00-00,3080,DEED0837-09A9-E911-91DE-D89EF30CAF29,247,Invoice balance brought forward,3704.12,3704.12
4F9B136E-09A9-E911-91DE-D89EF30CAF29,2014-12-17,0-00-00,3098,DEED0837-09A9-E911-91DE-D89EF30CAF29,247,Invoice balance brought forward,415.23,415.23
4E9B136E-09A9-E911-91DE-D89EF30CAF29,2014-12-10,0-00-00,3091,DEED0837-09A9-E911-91DE-D89EF30CAF29,247,Invoice balance brought forward,4665.57,4665.57
509B136E-09A9-E911-91DE-D89EF30CAF29,2014-12-17,0-00-00,3099,DEED0837-09A9-E911-91DE-D89EF30CAF29,247,Invoice balance brought forward,2870.95,2870.95
519B136E-09A9-E911-91DE-D89EF30CAF29,2015-01-19,0-00-00,3105,DEED0837-09A9-E911-91DE-D89EF30CAF29,247,Invoice balance brought forward,24023.51,24023.51
529B136E-09A9-E911-91DE-D89EF30CAF29,2015-01-22,0-00-00,3107,DEED0837-09A9-E911-91DE-D89EF30CAF29,247,Invoice balance brought forward,293.92,293.92
539B136E-09A9-E911-91DE-D89EF30CAF29,2015-01-30,0-00-00,3110,DEED0837-09A9-E911-91DE-D89EF30CAF29,247,Invoice balance brought forward,4829.75,4829.75
549B136E-09A9-E911-91DE-D89EF30CAF29,2015-01-30,0-00-00,3111,DEED0837-09A9-E911-91DE-D89EF30CAF29,247,Invoice balance brought forward,4707.22,4707.22
559B136E-09A9-E911-91DE-D89EF30CAF29,2015-01-30,0-00-00,3113,DEED0837-09A9-E911-91DE-D89EF30CAF29,247,Invoice balance brought forward,6581.91,6581.91
569B136E-09A9-E911-91DE-D89EF30CAF29,2015-02-02,0-00-00,3117,DEED0837-09A9-E911-91DE-D89EF30CAF29,247,Invoice balance brought forward,522.1,522.1
579B136E-09A9-E911-91DE-D89EF30CAF29,2015-02-02,0-00-00,3120,DEED0837-09A9-E911-91DE-D89EF30CAF29,247,Invoice balance brought forward,8058.18,8058.18
589B136E-09A9-E911-91DE-D89EF30CAF29,2014-12-19,0-00-00,3128,DEED0837-09A9-E911-91DE-D89EF30CAF29,247,Invoice balance brought forward,27352.7,27352.7
599B136E-09A9-E911-91DE-D89EF30CAF29,2015-02-24,0-00-00,3138,DEED0837-09A9-E911-91DE-D89EF30CAF29,247,Invoice balance brought forward,2925.45,2925.45
5A9B136E-09A9-E911-91DE-D89EF30CAF29,2015-02-26,0-00-00,3143,DEED0837-09A9-E911-91DE-D89EF30CAF29,247,Invoice balance brought forward,29994.8,29994.8
5B9B136E-09A9-E911-91DE-D89EF30CAF29,2015-03-02,0-00-00,3146,DEED0837-09A9-E911-91DE-D89EF30CAF29,247,Invoice balance brought forward,446.6,446.6
5C9B136E-09A9-E911-91DE-D89EF30CAF29,2015-03-03,0-00-00,3148,DEED0837-09A9-E911-91DE-D89EF30CAF29,247,Invoice balance brought forward,30,30
5D9B136E-09A9-E911-91DE-D89EF30CAF29,2015-03-09,0-00-00,3150,DEED0837-09A9-E911-91DE-D89EF30CAF29,247,Invoice balance brought forward,147.3,147.3
5E9B136E-09A9-E911-91DE-D89EF30CAF29,2015-03-09,0-00-00,3151,DEED0837-09A9-E911-91DE-D89EF30CAF29,247,Invoice balance brought forward,9717.93,9717.93
5F9B136E-09A9-E911-91DE-D89EF30CAF29,2015-03-12,0-00-00,3152,DEED0837-09A9-E911-91DE-D89EF30CAF29,247,Invoice balance brought forward,7360.31,7360.31
609B136E-09A9-E911-91DE-D89EF30CAF29,2015-03-18,0-00-00,3158,DEED0837-09A9-E911-91DE-D89EF30CAF29,247,Invoice balance brought forward,6117.95,6117.95
619B136E-09A9-E911-91DE-D89EF30CAF29,2015-03-25,0-00-00,3161,DEED0837-09A9-E911-91DE-D89EF30CAF29,247,Invoice balance brought forward,30190.5,30190.5
629B136E-09A9-E911-91DE-D89EF30CAF29,2015-03-30,0-00-00,3165,DEED0837-09A9-E911-91DE-D89EF30CAF29,247,Invoice balance brought forward,552.75,552.75
639B136E-09A9-E911-91DE-D89EF30CAF29,2015-03-30,0-00-00,3167,DEED0837-09A9-E911-91DE-D89EF30CAF29,247,Invoice balance brought forward,836,836
649B136E-09A9-E911-91DE-D89EF30CAF29,2015-03-30,0-00-00,3168,DEED0837-09A9-E911-91DE-D89EF30CAF29,247,Invoice balance brought forward,3960.22,3960.22
669B136E-09A9-E911-91DE-D89EF30CAF29,2015-03-30,0-00-00,3170,DEED0837-09A9-E911-91DE-D89EF30CAF29,247,Invoice balance brought forward,2832.6,2832.6
659B136E-09A9-E911-91DE-D89EF30CAF29,2015-03-30,0-00-00,3169,DEED0837-09A9-E911-91DE-D89EF30CAF29,247,Invoice balance brought forward,18844.2,18844.2
679B136E-09A9-E911-91DE-D89EF30CAF29,2015-03-30,0-00-00,3172,DEED0837-09A9-E911-91DE-D89EF30CAF29,247,Invoice balance brought forward,15100.8,15100.8
699B136E-09A9-E911-91DE-D89EF30CAF29,2015-04-20,0-00-00,3179,DEED0837-09A9-E911-91DE-D89EF30CAF29,247,Invoice balance brought forward,275,275
739B136E-09A9-E911-91DE-D89EF30CAF29,2015-05-05,0-00-00,3218,DEED0837-09A9-E911-91DE-D89EF30CAF29,247,Invoice balance brought forward,1819.16,1819.16
689B136E-09A9-E911-91DE-D89EF30CAF29,2015-04-01,0-00-00,3175,DEED0837-09A9-E911-91DE-D89EF30CAF29,247,Invoice balance brought forward,2857.8,2857.8
6A9B136E-09A9-E911-91DE-D89EF30CAF29,2015-04-20,0-00-00,3181,DEED0837-09A9-E911-91DE-D89EF30CAF29,247,Invoice balance brought forward,250,250
6B9B136E-09A9-E911-91DE-D89EF30CAF29,2015-04-23,0-00-00,3187,DEED0837-09A9-E911-91DE-D89EF30CAF29,247,Invoice balance brought forward,44.84,44.84
6C9B136E-09A9-E911-91DE-D89EF30CAF29,2015-04-30,0-00-00,3195,DEED0837-09A9-E911-91DE-D89EF30CAF29,247,Invoice balance brought forward,12147,12147
6D9B136E-09A9-E911-91DE-D89EF30CAF29,2015-04-30,0-00-00,3198,DEED0837-09A9-E911-91DE-D89EF30CAF29,247,Invoice balance brought forward,3469.4,3469.4
6E9B136E-09A9-E911-91DE-D89EF30CAF29,2015-04-30,0-00-00,3202,DEED0837-09A9-E911-91DE-D89EF30CAF29,247,Invoice balance brought forward,17086.85,17086.85
6F9B136E-09A9-E911-91DE-D89EF30CAF29,2015-04-30,0-00-00,3207,DEED0837-09A9-E911-91DE-D89EF30CAF29,247,Invoice balance brought forward,11906.6,11906.6
709B136E-09A9-E911-91DE-D89EF30CAF29,2015-05-04,0-00-00,3212,DEED0837-09A9-E911-91DE-D89EF30CAF29,247,Invoice balance brought forward,1483.66,1483.66
719B136E-09A9-E911-91DE-D89EF30CAF29,2015-04-30,0-00-00,3215,DEED0837-09A9-E911-91DE-D89EF30CAF29,247,Invoice balance brought forward,6642.45,6642.45
729B136E-09A9-E911-91DE-D89EF30CAF29,2015-04-30,0-00-00,3216,DEED0837-09A9-E911-91DE-D89EF30CAF29,247,Invoice balance brought forward,1076.35,1076.35
749B136E-09A9-E911-91DE-D89EF30CAF29,2015-05-05,0-00-00,3221,DEED0837-09A9-E911-91DE-D89EF30CAF29,247,Invoice balance brought forward,485.57,485.57
759B136E-09A9-E911-91DE-D89EF30CAF29,2015-05-11,0-00-00,3222,DEED0837-09A9-E911-91DE-D89EF30CAF29,247,Invoice balance brought forward,3927.65,3927.65
769B136E-09A9-E911-91DE-D89EF30CAF29,2015-05-26,0-00-00,3232,DEED0837-09A9-E911-91DE-D89EF30CAF29,247,Invoice balance brought forward,356.95,356.95
779B136E-09A9-E911-91DE-D89EF30CAF29,2015-05-28,0-00-00,3237,DEED0837-09A9-E911-91DE-D89EF30CAF29,247,Invoice balance brought forward,1630.5,1630.5
789B136E-09A9-E911-91DE-D89EF30CAF29,2015-05-29,0-00-00,3240,DEED0837-09A9-E911-91DE-D89EF30CAF29,247,Invoice balance brought forward,1689.6,1689.6
799B136E-09A9-E911-91DE-D89EF30CAF29,2015-06-01,0-00-00,3245,DEED0837-09A9-E911-91DE-D89EF30CAF29,247,Invoice balance brought forward,2845.7,2845.7
7A9B136E-09A9-E911-91DE-D89EF30CAF29,2015-06-01,0-00-00,3246,DEED0837-09A9-E911-91DE-D89EF30CAF29,247,Invoice balance brought forward,3608.55,3608.55
7B9B136E-09A9-E911-91DE-D89EF30CAF29,2015-05-31,0-00-00,3247,DEED0837-09A9-E911-91DE-D89EF30CAF29,247,Invoice balance brought forward,8432.7,8432.7
7C9B136E-09A9-E911-91DE-D89EF30CAF29,2015-05-31,0-00-00,3249,DEED0837-09A9-E911-91DE-D89EF30CAF29,247,Invoice balance brought forward,859.52,859.52
7D9B136E-09A9-E911-91DE-D89EF30CAF29,2015-06-02,0-00-00,3255,DEED0837-09A9-E911-91DE-D89EF30CAF29,247,Invoice balance brought forward,390.5,390.5
7E9B136E-09A9-E911-91DE-D89EF30CAF29,2014-09-23,0-00-00,2980,DEED0837-09A9-E911-91DE-D89EF30CAF29,247,Invoice balance brought forward,2600,2600
7F9B136E-09A9-E911-91DE-D89EF30CAF29,2015-05-05,0-00-00,3217,DEED0837-09A9-E911-91DE-D89EF30CAF29,247,Invoice balance brought forward,39.2,39.2
809C136E-09A9-E911-91DE-D89EF30CAF29,2015-06-11,0-00-00,3264,DEED0837-09A9-E911-91DE-D89EF30CAF29,247,Invoice balance brought forward,340.6,340.6
829C136E-09A9-E911-91DE-D89EF30CAF29,2015-06-19,0-00-00,3272,DEED0837-09A9-E911-91DE-D89EF30CAF29,247,Invoice balance brought forward,190.65,190.65
839C136E-09A9-E911-91DE-D89EF30CAF29,2015-06-26,0-00-00,3274,DEED0837-09A9-E911-91DE-D89EF30CAF29,247,Invoice balance brought forward,384.49,384.49
819C136E-09A9-E911-91DE-D89EF30CAF29,2015-06-18,0-00-00,3271,DEED0837-09A9-E911-91DE-D89EF30CAF29,247,Invoice balance brought forward,2842.83,2842.83
849C136E-09A9-E911-91DE-D89EF30CAF29,2015-06-30,0-00-00,3284,DEED0837-09A9-E911-91DE-D89EF30CAF29,247,Invoice balance brought forward,11557.16,11557.16
859C136E-09A9-E911-91DE-D89EF30CAF29,2015-06-30,0-00-00,3289,DEED0837-09A9-E911-91DE-D89EF30CAF29,247,Invoice balance brought forward,272.25,272.25
869C136E-09A9-E911-91DE-D89EF30CAF29,2015-06-30,0-00-00,3290,DEED0837-09A9-E911-91DE-D89EF30CAF29,247,Invoice balance brought forward,7333.49,7333.49
879C136E-09A9-E911-91DE-D89EF30CAF29,2015-07-07,0-00-00,3305,DEED0837-09A9-E911-91DE-D89EF30CAF29,247,Invoice balance brought forward,1692.9,1692.9
889C136E-09A9-E911-91DE-D89EF30CAF29,2015-07-14,0-00-00,3308,DEED0837-09A9-E911-91DE-D89EF30CAF29,247,Invoice balance brought forward,371.25,371.25
899C136E-09A9-E911-91DE-D89EF30CAF29,2015-07-20,0-00-00,3310,DEED0837-09A9-E911-91DE-D89EF30CAF29,247,Invoice balance brought forward,1199.19,1199.19
8A9C136E-09A9-E911-91DE-D89EF30CAF29,2015-07-21,0-00-00,3311,DEED0837-09A9-E911-91DE-D89EF30CAF29,247,Invoice balance brought forward,1014.3,1014.3
8B9C136E-09A9-E911-91DE-D89EF30CAF29,2015-07-24,0-00-00,3318,DEED0837-09A9-E911-91DE-D89EF30CAF29,247,Invoice balance brought forward,19800,19800
8C9C136E-09A9-E911-91DE-D89EF30CAF29,2015-07-28,0-00-00,3321,DEED0837-09A9-E911-91DE-D89EF30CAF29,247,Invoice balance brought forward,2223.65,2223.65
8D9C136E-09A9-E911-91DE-D89EF30CAF29,2015-07-29,0-00-00,3326,DEED0837-09A9-E911-91DE-D89EF30CAF29,247,Invoice balance brought forward,13660.95,13660.95
8E9C136E-09A9-E911-91DE-D89EF30CAF29,2015-07-31,0-00-00,3327,DEED0837-09A9-E911-91DE-D89EF30CAF29,247,Invoice balance brought forward,4588.1,4588.1
8F9C136E-09A9-E911-91DE-D89EF30CAF29,2015-07-31,0-00-00,3330,DEED0837-09A9-E911-91DE-D89EF30CAF29,247,Invoice balance brought forward,7224.8,7224.8
909C136E-09A9-E911-91DE-D89EF30CAF29,2015-07-31,0-00-00,3335,DEED0837-09A9-E911-91DE-D89EF30CAF29,247,Invoice balance brought forward,2329.25,2329.25
919C136E-09A9-E911-91DE-D89EF30CAF29,2015-08-07,0-00-00,3351,DEED0837-09A9-E911-91DE-D89EF30CAF29,247,Invoice balance brought forward,2103.2,2103.2
929C136E-09A9-E911-91DE-D89EF30CAF29,2015-08-11,0-00-00,3353,DEED0837-09A9-E911-91DE-D89EF30CAF29,247,Invoice balance brought forward,102,102
939C136E-09A9-E911-91DE-D89EF30CAF29,2015-08-11,0-00-00,3356,DEED0837-09A9-E911-91DE-D89EF30CAF29,247,Invoice balance brought forward,1274.55,1274.55
949C136E-09A9-E911-91DE-D89EF30CAF29,2015-08-19,0-00-00,3372,DEED0837-09A9-E911-91DE-D89EF30CAF29,247,Invoice balance brought forward,812.49,812.49
959C136E-09A9-E911-91DE-D89EF30CAF29,2015-08-31,0-00-00,3403,DEED0837-09A9-E911-91DE-D89EF30CAF29,247,Invoice balance brought forward,11662.2,11662.2
969C136E-09A9-E911-91DE-D89EF30CAF29,2015-08-31,0-00-00,3405,DEED0837-09A9-E911-91DE-D89EF30CAF29,247,Invoice balance brought forward,117.15,117.15
979C136E-09A9-E911-91DE-D89EF30CAF29,2015-08-31,0-00-00,3406,DEED0837-09A9-E911-91DE-D89EF30CAF29,247,Invoice balance brought forward,3343.45,3343.45
989C136E-09A9-E911-91DE-D89EF30CAF29,2015-08-31,0-00-00,3408,DEED0837-09A9-E911-91DE-D89EF30CAF29,247,Invoice balance brought forward,4283.26,4283.26
999C136E-09A9-E911-91DE-D89EF30CAF29,2015-09-04,0-00-00,3413,DEED0837-09A9-E911-91DE-D89EF30CAF29,247,Invoice balance brought forward,55469.84,55469.84
9A9C136E-09A9-E911-91DE-D89EF30CAF29,2015-07-31,0-00-00,3433,DEED0837-09A9-E911-91DE-D89EF30CAF29,247,Invoice balance brought forward,16598.34,16598.34
9B9C136E-09A9-E911-91DE-D89EF30CAF29,2015-08-31,0-00-00,3434,DEED0837-09A9-E911-91DE-D89EF30CAF29,247,Invoice balance brought forward,5115.85,5115.85
9C9C136E-09A9-E911-91DE-D89EF30CAF29,2015-09-18,0-00-00,3436,DEED0837-09A9-E911-91DE-D89EF30CAF29,247,Invoice balance brought forward,23565.85,23565.85
9D9C136E-09A9-E911-91DE-D89EF30CAF29,2015-09-23,0-00-00,3440,DEED0837-09A9-E911-91DE-D89EF30CAF29,247,Invoice balance brought forward,3867.15,3867.15
9E9C136E-09A9-E911-91DE-D89EF30CAF29,2015-09-30,0-00-00,3447,DEED0837-09A9-E911-91DE-D89EF30CAF29,247,Invoice balance brought forward,9432.5,9432.5
9F9C136E-09A9-E911-91DE-D89EF30CAF29,2015-09-30,0-00-00,3449,DEED0837-09A9-E911-91DE-D89EF30CAF29,247,Invoice balance brought forward,10598.15,10598.15
A09C136E-09A9-E911-91DE-D89EF30CAF29,2015-09-30,0-00-00,3450,DEED0837-09A9-E911-91DE-D89EF30CAF29,247,Invoice balance brought forward,8124.6,8124.6
A19C136E-09A9-E911-91DE-D89EF30CAF29,2015-10-01,0-00-00,3452,DEED0837-09A9-E911-91DE-D89EF30CAF29,247,Invoice balance brought forward,7967.65,7967.65
A29C136E-09A9-E911-91DE-D89EF30CAF29,2015-10-01,0-00-00,3454,DEED0837-09A9-E911-91DE-D89EF30CAF29,247,Invoice balance brought forward,8300.6,8300.6
A39C136E-09A9-E911-91DE-D89EF30CAF29,2015-09-30,0-00-00,3455,DEED0837-09A9-E911-91DE-D89EF30CAF29,247,Invoice balance brought forward,2530.61,2530.61
A49C136E-09A9-E911-91DE-D89EF30CAF29,2015-10-08,0-00-00,3460,DEED0837-09A9-E911-91DE-D89EF30CAF29,247,Invoice balance brought forward,2263.89,2263.89
A59C136E-09A9-E911-91DE-D89EF30CAF29,2015-10-08,0-00-00,3461,DEED0837-09A9-E911-91DE-D89EF30CAF29,247,Invoice balance brought forward,1638.95,1638.95
A69C136E-09A9-E911-91DE-D89EF30CAF29,2015-10-08,0-00-00,3462,DEED0837-09A9-E911-91DE-D89EF30CAF29,247,Invoice balance brought forward,6110.81,6110.81
A79C136E-09A9-E911-91DE-D89EF30CAF29,2015-10-20,0-00-00,3470,DEED0837-09A9-E911-91DE-D89EF30CAF29,247,Invoice balance brought forward,721.7,721.7
A89C136E-09A9-E911-91DE-D89EF30CAF29,2015-10-20,0-00-00,3472,DEED0837-09A9-E911-91DE-D89EF30CAF29,247,Invoice balance brought forward,797.05,797.05
A99C136E-09A9-E911-91DE-D89EF30CAF29,2015-10-21,0-00-00,3473,DEED0837-09A9-E911-91DE-D89EF30CAF29,247,Invoice balance brought forward,9315.75,9315.75
AA9C136E-09A9-E911-91DE-D89EF30CAF29,2015-10-21,0-00-00,3477,DEED0837-09A9-E911-91DE-D89EF30CAF29,247,Invoice balance brought forward,1089,1089
AB9C136E-09A9-E911-91DE-D89EF30CAF29,2015-10-28,0-00-00,3482,DEED0837-09A9-E911-91DE-D89EF30CAF29,247,Invoice balance brought forward,165,165
AC9C136E-09A9-E911-91DE-D89EF30CAF29,2015-10-30,0-00-00,3483,DEED0837-09A9-E911-91DE-D89EF30CAF29,247,Invoice balance brought forward,21895.52,21895.52
AD9C136E-09A9-E911-91DE-D89EF30CAF29,2015-10-30,0-00-00,3484,DEED0837-09A9-E911-91DE-D89EF30CAF29,247,Invoice balance brought forward,5711.04,5711.04
AE9C136E-09A9-E911-91DE-D89EF30CAF29,2015-10-30,0-00-00,3485,DEED0837-09A9-E911-91DE-D89EF30CAF29,247,Invoice balance brought forward,3010.44,3010.44
AF9C136E-09A9-E911-91DE-D89EF30CAF29,2015-10-30,0-00-00,3488,DEED0837-09A9-E911-91DE-D89EF30CAF29,247,Invoice balance brought forward,2692.96,2692.96
B09C136E-09A9-E911-91DE-D89EF30CAF29,2015-10-30,0-00-00,3490,DEED0837-09A9-E911-91DE-D89EF30CAF29,247,Invoice balance brought forward,57,57
B19C136E-09A9-E911-91DE-D89EF30CAF29,2015-10-30,0-00-00,3493,DEED0837-09A9-E911-91DE-D89EF30CAF29,247,Invoice balance brought forward,2517.9,2517.9
B29C136E-09A9-E911-91DE-D89EF30CAF29,2015-10-30,0-00-00,3494,DEED0837-09A9-E911-91DE-D89EF30CAF29,247,Invoice balance brought forward,6367.55,6367.55
B39C136E-09A9-E911-91DE-D89EF30CAF29,2015-10-31,0-00-00,3499,DEED0837-09A9-E911-91DE-D89EF30CAF29,247,Invoice balance brought forward,28324.49,28324.49
B49C136E-09A9-E911-91DE-D89EF30CAF29,2015-10-31,0-00-00,3500,DEED0837-09A9-E911-91DE-D89EF30CAF29,247,Invoice balance brought forward,6400.97,6400.97
B59C136E-09A9-E911-91DE-D89EF30CAF29,2015-11-02,0-00-00,3504,DEED0837-09A9-E911-91DE-D89EF30CAF29,247,Invoice balance brought forward,9965.66,9965.66
B69C136E-09A9-E911-91DE-D89EF30CAF29,2015-11-27,0-00-00,3511,DEED0837-09A9-E911-91DE-D89EF30CAF29,247,Invoice balance brought forward,1005.95,1005.95
B79C136E-09A9-E911-91DE-D89EF30CAF29,2015-11-30,0-00-00,3514,DEED0837-09A9-E911-91DE-D89EF30CAF29,247,Invoice balance brought forward,1054.35,1054.35
B89C136E-09A9-E911-91DE-D89EF30CAF29,2015-11-30,0-00-00,3515,DEED0837-09A9-E911-91DE-D89EF30CAF29,247,Invoice balance brought forward,17943.75,17943.75
B99C136E-09A9-E911-91DE-D89EF30CAF29,2015-11-30,0-00-00,3517,DEED0837-09A9-E911-91DE-D89EF30CAF29,247,Invoice balance brought forward,5398.8,5398.8
BA9C136E-09A9-E911-91DE-D89EF30CAF29,2015-11-30,0-00-00,3518,DEED0837-09A9-E911-91DE-D89EF30CAF29,247,Invoice balance brought forward,7988.2,7988.2
BB9C136E-09A9-E911-91DE-D89EF30CAF29,2015-12-01,0-00-00,3523,DEED0837-09A9-E911-91DE-D89EF30CAF29,247,Invoice balance brought forward,5888.4,5888.4
BC9C136E-09A9-E911-91DE-D89EF30CAF29,2015-12-02,0-00-00,3526,DEED0837-09A9-E911-91DE-D89EF30CAF29,247,Invoice balance brought forward,587.1,587.1
BD9C136E-09A9-E911-91DE-D89EF30CAF29,2015-12-02,0-00-00,3528,DEED0837-09A9-E911-91DE-D89EF30CAF29,247,Invoice balance brought forward,2156,2156
BE9C136E-09A9-E911-91DE-D89EF30CAF29,2015-11-30,0-00-00,3531,DEED0837-09A9-E911-91DE-D89EF30CAF29,247,Invoice balance brought forward,4078.64,4078.64
BF9C136E-09A9-E911-91DE-D89EF30CAF29,2015-11-30,0-00-00,3532,DEED0837-09A9-E911-91DE-D89EF30CAF29,247,Invoice balance brought forward,1507.97,1507.97
C09C136E-09A9-E911-91DE-D89EF30CAF29,2015-11-30,0-00-00,3533,DEED0837-09A9-E911-91DE-D89EF30CAF29,247,Invoice balance brought forward,4779.5,4779.5
C19C136E-09A9-E911-91DE-D89EF30CAF29,2015-11-30,0-00-00,3534,DEED0837-09A9-E911-91DE-D89EF30CAF29,247,Invoice balance brought forward,22456.79,22456.79
C29C136E-09A9-E911-91DE-D89EF30CAF29,2015-12-08,0-00-00,3535,DEED0837-09A9-E911-91DE-D89EF30CAF29,247,Invoice balance brought forward,300,300
C39C136E-09A9-E911-91DE-D89EF30CAF29,2015-12-15,0-00-00,3538,DEED0837-09A9-E911-91DE-D89EF30CAF29,247,Invoice balance brought forward,1351.35,1351.35
C49C136E-09A9-E911-91DE-D89EF30CAF29,2015-12-16,0-00-00,3539,DEED0837-09A9-E911-91DE-D89EF30CAF29,247,Invoice balance brought forward,13955.47,13955.47
CB9C136E-09A9-E911-91DE-D89EF30CAF29,2016-01-06,0-00-00,3568,DEED0837-09A9-E911-91DE-D89EF30CAF29,247,Invoice balance brought forward,2000,2000
C59C136E-09A9-E911-91DE-D89EF30CAF29,2015-12-30,0-00-00,3549,DEED0837-09A9-E911-91DE-D89EF30CAF29,247,Invoice balance brought forward,40.95,40.95
C69C136E-09A9-E911-91DE-D89EF30CAF29,2015-12-30,0-00-00,3553,DEED0837-09A9-E911-91DE-D89EF30CAF29,247,Invoice balance brought forward,932.22,932.22
C79C136E-09A9-E911-91DE-D89EF30CAF29,2015-12-30,0-00-00,3554,DEED0837-09A9-E911-91DE-D89EF30CAF29,247,Invoice balance brought forward,702.9,702.9
C89C136E-09A9-E911-91DE-D89EF30CAF29,2015-12-30,0-00-00,3556,DEED0837-09A9-E911-91DE-D89EF30CAF29,247,Invoice balance brought forward,609.95,609.95
C99C136E-09A9-E911-91DE-D89EF30CAF29,2015-12-30,0-00-00,3558,DEED0837-09A9-E911-91DE-D89EF30CAF29,247,Invoice balance brought forward,5865.75,5865.75
CA9C136E-09A9-E911-91DE-D89EF30CAF29,2016-01-04,0-00-00,3561,DEED0837-09A9-E911-91DE-D89EF30CAF29,247,Invoice balance brought forward,1650.98,1650.98
CC9C136E-09A9-E911-91DE-D89EF30CAF29,2016-01-06,0-00-00,3569,DEED0837-09A9-E911-91DE-D89EF30CAF29,247,Invoice balance brought forward,712.8,712.8
CD9C136E-09A9-E911-91DE-D89EF30CAF29,2016-01-06,0-00-00,3570,DEED0837-09A9-E911-91DE-D89EF30CAF29,247,Invoice balance brought forward,975.15,975.15
CE9C136E-09A9-E911-91DE-D89EF30CAF29,2016-01-06,0-00-00,3571,DEED0837-09A9-E911-91DE-D89EF30CAF29,247,Invoice balance brought forward,1170.95,1170.95
CF9C136E-09A9-E911-91DE-D89EF30CAF29,2016-01-08,0-00-00,3573,DEED0837-09A9-E911-91DE-D89EF30CAF29,247,Invoice balance brought forward,217.68,217.68
D09C136E-09A9-E911-91DE-D89EF30CAF29,2016-01-11,0-00-00,3575,DEED0837-09A9-E911-91DE-D89EF30CAF29,247,Invoice balance brought forward,907.05,907.05
D19C136E-09A9-E911-91DE-D89EF30CAF29,2016-01-11,0-00-00,3576,DEED0837-09A9-E911-91DE-D89EF30CAF29,247,Invoice balance brought forward,651.7,651.7
D29C136E-09A9-E911-91DE-D89EF30CAF29,2016-01-15,0-00-00,3581,DEED0837-09A9-E911-91DE-D89EF30CAF29,247,Invoice balance brought forward,89033.36,89033.36
D39C136E-09A9-E911-91DE-D89EF30CAF29,2016-01-15,0-00-00,3584,DEED0837-09A9-E911-91DE-D89EF30CAF29,247,Invoice balance brought forward,5969.6,5969.6
D49C136E-09A9-E911-91DE-D89EF30CAF29,2016-01-18,0-00-00,3586,DEED0837-09A9-E911-91DE-D89EF30CAF29,247,Invoice balance brought forward,2719.2,2719.2
D59C136E-09A9-E911-91DE-D89EF30CAF29,2016-01-29,0-00-00,3600,DEED0837-09A9-E911-91DE-D89EF30CAF29,247,Invoice balance brought forward,829.95,829.95
D69C136E-09A9-E911-91DE-D89EF30CAF29,2016-01-29,0-00-00,3602,DEED0837-09A9-E911-91DE-D89EF30CAF29,247,Invoice balance brought forward,1150.05,1150.05
D79C136E-09A9-E911-91DE-D89EF30CAF29,2016-01-29,0-00-00,3604,DEED0837-09A9-E911-91DE-D89EF30CAF29,247,Invoice balance brought forward,31773.2,31773.2
D89C136E-09A9-E911-91DE-D89EF30CAF29,2016-01-29,0-00-00,3605,DEED0837-09A9-E911-91DE-D89EF30CAF29,247,Invoice balance brought forward,3044.8,3044.8
D99C136E-09A9-E911-91DE-D89EF30CAF29,2016-02-03,0-00-00,3609,DEED0837-09A9-E911-91DE-D89EF30CAF29,247,Invoice balance brought forward,687.05,687.05
DA9C136E-09A9-E911-91DE-D89EF30CAF29,2016-02-03,0-00-00,3611,DEED0837-09A9-E911-91DE-D89EF30CAF29,247,Invoice balance brought forward,1619.74,1619.74
DB9C136E-09A9-E911-91DE-D89EF30CAF29,2016-02-04,0-00-00,3612,DEED0837-09A9-E911-91DE-D89EF30CAF29,247,Invoice balance brought forward,5271.9,5271.9
DC9C136E-09A9-E911-91DE-D89EF30CAF29,2016-02-05,0-00-00,3613,DEED0837-09A9-E911-91DE-D89EF30CAF29,247,Invoice balance brought forward,5937.2,5937.2
DD9C136E-09A9-E911-91DE-D89EF30CAF29,2016-02-05,0-00-00,3614,DEED0837-09A9-E911-91DE-D89EF30CAF29,247,Invoice balance brought forward,1308.97,1308.97
DE9C136E-09A9-E911-91DE-D89EF30CAF29,2016-02-09,0-00-00,3615,DEED0837-09A9-E911-91DE-D89EF30CAF29,247,Invoice balance brought forward,616.6,616.6
E19C136E-09A9-E911-91DE-D89EF30CAF29,2015-10-22,0-00-00,3478,DEED0837-09A9-E911-91DE-D89EF30CAF29,247,Invoice balance brought forward,1625,1625
CE9D136E-09A9-E911-91DE-D89EF30CAF29,2016-02-12,0-00-00,3619,DEED0837-09A9-E911-91DE-D89EF30CAF29,247,Invoice balance brought forward,1275.81,1275.81
DC9D136E-09A9-E911-91DE-D89EF30CAF29,2016-02-19,0-00-00,3634,DEED0837-09A9-E911-91DE-D89EF30CAF29,247,Invoice balance brought forward,3452.9,3452.9
DF9C136E-09A9-E911-91DE-D89EF30CAF29,2016-02-09,0-00-00,3616,DEED0837-09A9-E911-91DE-D89EF30CAF29,247,Invoice balance brought forward,33901.45,33901.45
E09C136E-09A9-E911-91DE-D89EF30CAF29,2016-02-09,0-00-00,3617,DEED0837-09A9-E911-91DE-D89EF30CAF29,247,Invoice balance brought forward,10374.87,10374.87
CF9D136E-09A9-E911-91DE-D89EF30CAF29,2016-02-15,0-00-00,3620,DEED0837-09A9-E911-91DE-D89EF30CAF29,247,Invoice balance brought forward,880,880
D09D136E-09A9-E911-91DE-D89EF30CAF29,2016-02-15,0-00-00,3621,DEED0837-09A9-E911-91DE-D89EF30CAF29,247,Invoice balance brought forward,1637.36,1637.36
D19D136E-09A9-E911-91DE-D89EF30CAF29,2015-12-01,0-00-00,3624,DEED0837-09A9-E911-91DE-D89EF30CAF29,247,Invoice balance brought forward,14010.1,14010.1
D29D136E-09A9-E911-91DE-D89EF30CAF29,2016-02-17,0-00-00,3625,DEED0837-09A9-E911-91DE-D89EF30CAF29,247,Invoice balance brought forward,148790.6,148790.6
D39D136E-09A9-E911-91DE-D89EF30CAF29,2016-02-17,0-00-00,3629,DEED0837-09A9-E911-91DE-D89EF30CAF29,247,Invoice balance brought forward,21176.65,21176.65
D49D136E-09A9-E911-91DE-D89EF30CAF29,2016-02-17,0-00-00,3630,DEED0837-09A9-E911-91DE-D89EF30CAF29,247,Invoice balance brought forward,7698.55,7698.55
D59D136E-09A9-E911-91DE-D89EF30CAF29,2016-02-17,0-00-00,3631,DEED0837-09A9-E911-91DE-D89EF30CAF29,247,Invoice balance brought forward,10410.05,10410.05
D69D136E-09A9-E911-91DE-D89EF30CAF29,2016-02-23,0-00-00,3636,DEED0837-09A9-E911-91DE-D89EF30CAF29,247,Invoice balance brought forward,762.3,762.3
D79D136E-09A9-E911-91DE-D89EF30CAF29,2016-02-23,0-00-00,3637,DEED0837-09A9-E911-91DE-D89EF30CAF29,247,Invoice balance brought forward,521.5,521.5
D89D136E-09A9-E911-91DE-D89EF30CAF29,2016-02-23,0-00-00,3638,DEED0837-09A9-E911-91DE-D89EF30CAF29,247,Invoice balance brought forward,247.5,247.5
D99D136E-09A9-E911-91DE-D89EF30CAF29,2016-02-26,0-00-00,3639,DEED0837-09A9-E911-91DE-D89EF30CAF29,247,Invoice balance brought forward,687.05,687.05
DA9D136E-09A9-E911-91DE-D89EF30CAF29,2016-02-26,0-00-00,3640,DEED0837-09A9-E911-91DE-D89EF30CAF29,247,Invoice balance brought forward,1429.2,1429.2
DB9D136E-09A9-E911-91DE-D89EF30CAF29,2016-02-26,0-00-00,3641,DEED0837-09A9-E911-91DE-D89EF30CAF29,247,Invoice balance brought forward,1221.69,1221.69
